Company name,Linkedin
1,Résidence Les Sources,https://www.linkedin.com/company/r%C3%A9sidence-les-sources?trk=companies_directory
2,Résidence Valmascort Annaba,https://www.linkedin.com/showcase/r%C3%A9sidence-valmascort-annaba?trk=companies_directory
3,Résidence butini,https://www.linkedin.com/company/r-sidence-butini?trk=companies_directory
4,Résidence les Aliziers,https://www.linkedin.com/company/r%C3%A9sidence-les-aliziers?trk=companies_directory
5,Résidence Éditions,https://www.linkedin.com/company/residenceeditions?trk=companies_directory
6,Résidence.equilibre,https://www.linkedin.com/showcase/r%C3%A9sidence.equilibre?trk=companies_directory
7,Résidences KALIA,https://www.linkedin.com/company/r%C3%A9sidences-kalia?trk=companies_directory
8,Résidences Les Olives,https://www.linkedin.com/showcase/r%C3%A9sidences-les-olives?trk=companies_directory
9,Résidences Providence,https://www.linkedin.com/company/r%C3%A9sidences-providence?trk=companies_directory
10,Résidences Services VILLA MÉDICIS,https://www.linkedin.com/company/residences-services-villamedicis?trk=companies_directory
11,Résirep,https://www.linkedin.com/company/r%C3%A9sirep?trk=companies_directory
12,"Résolu, LLC",https://www.linkedin.com/company/resolu-global?trk=companies_directory
13,Résonance,https://www.linkedin.com/showcase/r%C3%A9sonance?trk=companies_directory
14,Résonance Wines,https://www.linkedin.com/company/resonance-wines?trk=companies_directory
15,"Résonance, Inc.",https://www.linkedin.com/company/r-sonance-inc-?trk=companies_directory
16,"Résonances, agence de spectacles Inc.",https://www.linkedin.com/company/r%C3%A9sonances-agence-de-spectacles-inc.?trk=companies_directory
17,Résumé Raiders,https://www.linkedin.com/company/r%C3%A9sum%C3%A9-raiders?trk=companies_directory
18,Résunate,https://www.linkedin.com/showcase/r%C3%A9sunate?trk=companies_directory
19,Rétha la Blanche - Vodka Ultra-Premium - Île de Ré,https://www.linkedin.com/showcase/r%C3%A9tha-la-blanche---vodka-ultra-premium---%C3%AEle-de-r%C3%A9?trk=companies_directory
20,"Réti, Várszegi & Partners Law Firm",https://www.linkedin.com/company/r%C3%A9ti-antall-%26-partners-law-firm?trk=companies_directory
21,Réunimer,https://www.linkedin.com/company/reunimer?trk=companies_directory
22,Réunion EcoEx,https://www.linkedin.com/company/r%C3%A9unionecoex?trk=companies_directory
23,Réunion Financement ©,https://www.linkedin.com/company/r%C3%A9union-financement?trk=companies_directory
24,Réunion Multimédia,https://www.linkedin.com/company/r-union-multim-dia?trk=companies_directory
25,Réunion THD,https://www.linkedin.com/company/regie-reunion-thd?trk=companies_directory
26,Réunion Technologie Distribution,https://www.linkedin.com/company/r-union-technologie-distribution?trk=companies_directory
27,Réunion Télécom,https://www.linkedin.com/company/r%C3%A9union-t%C3%A9l%C3%A9com?trk=companies_directory
28,Réunitours Voyage,https://www.linkedin.com/company/r%C3%A9unitours?trk=companies_directory
29,Réussi Engenharia e Segurança,https://www.linkedin.com/company/reussi?trk=companies_directory
30,Réussir Bio,https://www.linkedin.com/showcase/r%C3%A9ussir-bio?trk=companies_directory
31,Réussir Machinisme,https://www.linkedin.com/showcase/r%C3%A9ussir-machinisme?trk=companies_directory
32,Réussir au Canada,https://www.linkedin.com/company/r%C3%A9ussir-au-canada?trk=companies_directory
33,Réussir votre Levée de Fonds en Côte d'Ivoire,https://www.linkedin.com/showcase/r%C3%A9ussir-votre-lev%C3%A9e-de-fonds-en-c%C3%B4te-d%27ivoire-?trk=companies_directory
34,Réussir votre migration Cloud,https://www.linkedin.com/showcase/r%C3%A9ussir-votre-migration-cloud?trk=companies_directory
35,Réussite Saint-Barthélemy,https://www.linkedin.com/company/reussitegustavia?trk=companies_directory
36,Réussite au féminin,https://www.linkedin.com/showcase/r%C3%A9ussite-au-f%C3%A9minin?trk=companies_directory
37,Rév and Partners Gas Industrial Trading Ltd. (Sole representative of Luxfer Gas Cylinders),https://www.linkedin.com/company/r%C3%A9v-and-partners-gas-industrial-trading-ltd-sole-representative-of-luxfer-gas-cylinders-?trk=companies_directory
38,Réveille Coffee Co.,https://www.linkedin.com/company/r%C3%A9veillecoffeeco.?trk=companies_directory
39,Réveillon 2015,https://www.linkedin.com/showcase/r%C3%A9veillon-2015?trk=companies_directory
40,Réveillons 2015,https://www.linkedin.com/showcase/r%C3%A9veillons-2015?trk=companies_directory
41,Réviance Plastic Surgery & Aesthetics Center,https://www.linkedin.com/company/r-viance-plastic-surgery-%26-aesthetics-center?trk=companies_directory
42,Révolt Evenementen,https://www.linkedin.com/company/r%C3%A9voltevents?trk=companies_directory
43,Révolus Soluções Tecnológicas,https://www.linkedin.com/company/revolus?trk=companies_directory
44,Révolution Numérique (PCF),https://www.linkedin.com/showcase/r%C3%A9volution-num%C3%A9rique-pcf-?trk=companies_directory
45,Révu Magazine,https://www.linkedin.com/company/r%C3%A9vu-magazine?trk=companies_directory
46,Révélations Grand Palais,https://www.linkedin.com/showcase/r%C3%A9v%C3%A9lations?trk=companies_directory
47,Révérence,https://www.linkedin.com/company/r%C3%A9v%C3%A9rencefun%C3%A9raire?trk=companies_directory
48,Révérence de Bastien,https://www.linkedin.com/showcase/bga-corp?trk=companies_directory
49,Révész Eurosilo Kft.,https://www.linkedin.com/company/r%C3%A9v%C3%A9sz-eurosilo-kft?trk=companies_directory
50,Révész Holding,https://www.linkedin.com/company/revesz-holding?trk=companies_directory
51,Rêgo Barros & Santos Advocacia,https://www.linkedin.com/company/r%C3%AAgo-barros-%26-santos-advocacia?trk=companies_directory
52,Rêgo Pazos Engenharia e Construção Ltda.,https://www.linkedin.com/company/r-go-pazos-engenharia-e-constru-o-ltda.?trk=companies_directory
53,Rêgo | Sampaio | Andrade,https://www.linkedin.com/company/r%C3%AAgo-sampaio-andrade?trk=companies_directory
54,Rêv Worldwide,https://www.linkedin.com/company/r-v-worldwide?trk=companies_directory
55,Rêve Academy,https://www.linkedin.com/company/r-ve-academy?trk=companies_directory
56,Rêve Consulting,https://www.linkedin.com/company/r-ve-consulting?trk=companies_directory
57,Rêve En Or - Agence Evénementielle,https://www.linkedin.com/showcase/r%C3%AAve-en-or---agence-ev%C3%A9nementielle?trk=companies_directory
58,Rêve Preparatory Charter School,https://www.linkedin.com/company/reve-preparatory-charter-school?trk=companies_directory
59,Rêve Studio,https://www.linkedin.com/company/r%C3%AAve-studio?trk=companies_directory
60,Rêve d'Un Jour Dakar,https://www.linkedin.com/company/r%C3%AAve-d%27un-jour-dakar?trk=companies_directory
61,Rêve | Realtors,https://www.linkedin.com/company/reve-realtors?trk=companies_directory
62,Rêvent,https://www.linkedin.com/showcase/r%C3%AAvent?trk=companies_directory
63,Rêves Afrique SA,https://www.linkedin.com/company/r-ves-afrique-sa?trk=companies_directory
64,Rí Marketing,https://www.linkedin.com/company/ri-marketing?trk=companies_directory
65,RíOrganize,https://www.linkedin.com/company/r%C3%ADorganize?trk=companies_directory
66,Ríjuice,https://www.linkedin.com/company/rijuice?trk=companies_directory
67,Río de Janeiro,https://www.linkedin.com/company/r%C3%ADo-de-janeiro?trk=companies_directory
68,Ròóty Moot - Pink ginger soda,https://www.linkedin.com/showcase/r%C3%B2%C3%B3ty-moot---pink-ginger-soda?trk=companies_directory
69,Róbert Károly Magánkórház,https://www.linkedin.com/company/r%C3%B3bert-k%C3%A1roly-mag%C3%A1nk%C3%B3rh%C3%A1z?trk=companies_directory
70,Róhlig Argentina,https://www.linkedin.com/company/finca-agostino-hnos-s.a.?trk=companies_directory
71,Rótulos,https://www.linkedin.com/showcase/r%C3%B3tulos?trk=companies_directory
72,Rótulos Adesivos,https://www.linkedin.com/company/r%C3%B3tulos-adesivos?trk=companies_directory
73,Rótulos Rodríguez,https://www.linkedin.com/company/r%C3%B3tulos-rodr%C3%ADguez?trk=companies_directory
74,Rótulos y letreros luminosos,https://www.linkedin.com/showcase/r%C3%B3tulos-y-letreros-luminosos?trk=companies_directory
75,Rózsakert Medical Center (RMC),https://www.linkedin.com/company/r-zsakert-medical-center?trk=companies_directory
76,Róża Wiatrów,https://www.linkedin.com/company/r%C3%B3%C5%BCa-wiatr%C3%B3w?trk=companies_directory
77,Rô Festas,https://www.linkedin.com/company/ro-festas?trk=companies_directory
78,Rô Phi Studio & HEYTv News,https://www.linkedin.com/company/c%C3%B4ng-ty-seo-online?trk=companies_directory
79,Rôgga Empreendimentos,https://www.linkedin.com/company/roggaempreendimentosoficial?trk=companies_directory
80,Rôtisseries Scores,https://www.linkedin.com/company/rotisserie-scores?trk=companies_directory
81,Röben Tonbaustoffe,https://www.linkedin.com/company/r-ben-tonbaustoffe?trk=companies_directory
82,Röchling Engineering Plastics,https://www.linkedin.com/company/roechling-engineering-plastics-northamerica?trk=companies_directory
83,Röchling Engineering Plastics SE & Co KG,https://www.linkedin.com/company/r-chling-engineering-plastics-kg?trk=companies_directory
84,Röchling Glastic Composites,https://www.linkedin.com/company/rochling-glastic-composites?trk=companies_directory
85,Röchling Industrial,https://www.linkedin.com/company/roechling-industrial?trk=companies_directory
86,Röchling Industrial Brasil,https://www.linkedin.com/company/rochling-industrial-do-brasil?trk=companies_directory
87,Röchling Machined Plastics,https://www.linkedin.com/company/r-chling-machined-plastics?trk=companies_directory
88,Röchling Medical,https://www.linkedin.com/company/roechling-medical?trk=companies_directory
89,"Röchling Medical Lancaster, LLC.",https://www.linkedin.com/company/precision-medical-products-inc?trk=companies_directory
90,Röchling Meta-Plast A/S,https://www.linkedin.com/company/r%C3%B6chling-meta-plast-a-s?trk=companies_directory
91,Röda Tråden,https://www.linkedin.com/company/r%C3%B6da-tr%C3%A5den?trk=companies_directory
92,Rödl & Altuwaijri Kingdom Of Saudi Arabia,https://www.linkedin.com/company/r%C3%B6dl-%26-altuwaijricpa?trk=companies_directory
93,Rödl & Partner (Geschäftsfeld Unternehmens- und IT-Beratung),https://www.linkedin.com/company/roedl-consulting?trk=companies_directory
94,Rödl & Partner Belarus,https://www.linkedin.com/company/roedl-partner-belarus?trk=companies_directory
95,Rödl & Partner Cyprus,https://www.linkedin.com/company/r%C3%B6dl-partner-cyprus?trk=companies_directory
96,Rödl & Partner Estonia,https://www.linkedin.com/company/roedl-partner-estonia?trk=companies_directory
97,Rödl & Partner Finland,https://www.linkedin.com/company/roedl-partner-finland?trk=companies_directory
98,Rödl & Partner Lithuania,https://www.linkedin.com/company/roedl-partner-lithuania?trk=companies_directory
99,Rödl & Partner M&A Dialog,https://www.linkedin.com/showcase/roedl-partner-ma-dialog?trk=companies_directory
100,Rödl & Partner Nordic AB,https://www.linkedin.com/company/r-dl-%26-partner-nordic-ab?trk=companies_directory
101,Rödl & Partner Serbia,https://www.linkedin.com/company/r%C3%B6dl-partner-serbia?trk=companies_directory
102,Rödl & Partner South America,https://www.linkedin.com/company/r-dl-%26-partner-brazil?trk=companies_directory
103,Rödl & Partner USA,https://www.linkedin.com/company/roedlandpartnerusa?trk=companies_directory
104,Rödl Middle East,https://www.linkedin.com/company/rodl-middle-east?trk=companies_directory
105,Röhlig España,https://www.linkedin.com/showcase/r%C3%B6hlig-espa%C3%B1a?trk=companies_directory
106,Röhlig Logistics Asia,https://www.linkedin.com/company/rohlig-asia?trk=companies_directory
107,Röhlig Paraguay S.A.,https://www.linkedin.com/company/rohlig-paraguay?trk=companies_directory
108,Röhlig USA,https://www.linkedin.com/company/rohligusa?trk=companies_directory
109,"Röhm Products of America, Inc.",https://www.linkedin.com/company/rohm-usa?trk=companies_directory
110,Röhnisch Sportswear AB,https://www.linkedin.com/company/r%C3%B6hnisch-sportswear-ab?trk=companies_directory
111,Röhren- und Pumpenwerk Bauer GmbH,https://www.linkedin.com/company/bauervoitbserg?trk=companies_directory
112,Röist SoftLab,https://www.linkedin.com/company/r%C3%B6ist-softlab?trk=companies_directory
113,Röjning,https://www.linkedin.com/company/rojning?trk=companies_directory
114,Rök digital marketing,https://www.linkedin.com/company/rok-digital-marketing?trk=companies_directory
115,RölfsPartner Management Consultants,https://www.linkedin.com/company/rolfspartner-management-consultants?trk=companies_directory
116,Röm architecture studio,https://www.linkedin.com/company/r-m-architecture-studio?trk=companies_directory
117,Rönesans,https://www.linkedin.com/company/r%C3%B6nesans?trk=companies_directory
118,Rönesans Sağlık Yatırım,https://www.linkedin.com/showcase/ronesans-saglik-yat%C4%B1r%C4%B1m?trk=companies_directory
119,Rönnes,https://www.linkedin.com/company/ronnes?trk=companies_directory
120,Röntgen,https://www.linkedin.com/company/rontgen?trk=companies_directory
121,Rösler International GmbH & Co. KG,https://www.linkedin.com/company/r%C3%B6sler-international-gmbh-co-kg?trk=companies_directory
122,Röster om upphandling,https://www.linkedin.com/showcase/r%C3%B6ster-om-upphandling?trk=companies_directory
123,Rösti,https://www.linkedin.com/company/batatas-do-flavio?trk=companies_directory
124,Rötter studio arq,https://www.linkedin.com/company/rotterstudio?trk=companies_directory
125,Rød & Baum,https://www.linkedin.com/company/rod-%26-baum?trk=companies_directory
126,Rød brand consultants,https://www.linkedin.com/company/r%C3%B8d-brand-consultants?trk=companies_directory
127,Røde Kors Ungdom,https://www.linkedin.com/showcase/r%C3%B8de-kors-ungdom?trk=companies_directory
128,Røisheim,https://www.linkedin.com/showcase/r%C3%B8isheim?trk=companies_directory
129,Rúbrika,https://www.linkedin.com/company/rubrika-online?trk=companies_directory
130,Rúcula Libros Editorial Independiente,https://www.linkedin.com/company/r-cula-libros-editorial-independiente?trk=companies_directory
131,Rúsdrekkasøla Landsins,https://www.linkedin.com/company/r-sdrekkas-la-landsins?trk=companies_directory
132,Rússia Noivas,https://www.linkedin.com/company/russianoivas?trk=companies_directory
133,Rústica Produções,https://www.linkedin.com/company/r%C3%BAstica-produ%C3%A7%C3%B5es?trk=companies_directory
134,Rút Tiền Mặt Từ Thẻ Tín Dụng Tại Hà Nội,https://www.linkedin.com/showcase/rutienthetindung?trk=companies_directory
135,Rút hầm cầu giá rẻ 0836360808,https://www.linkedin.com/showcase/ruthamcaugiare0836360808?trk=companies_directory
136,Rút tiền mặt thẻ tín dụng tại TP.HCM,https://www.linkedin.com/showcase/rut-tien-mat-the-tin-dung?trk=companies_directory
137,Rücker & Longo Advogados,https://www.linkedin.com/company/r%C3%BCcker%26longoadvogados?trk=companies_directory
138,Rücker AG,https://www.linkedin.com/company/r-cker-ag?trk=companies_directory
139,Rücker Curi Advocacia e Consultoria Jurídica,https://www.linkedin.com/company/rucker-curi-advocacia-e-consultoria-juridica?trk=companies_directory
140,Rücker Sociedade de Advogados,https://www.linkedin.com/company/r%C3%BCcker-sociedade-de-advogados?trk=companies_directory
141,Rüder Group,https://www.linkedin.com/company/the-ruder-group?trk=companies_directory
142,Rüdiger & Finco Advogados Associados S/S,https://www.linkedin.com/company/r%C3%BCdiger-%26-finco-advogados-associados-s-s?trk=companies_directory
143,Rühne ApS,https://www.linkedin.com/company/r-hne-aps?trk=companies_directory
144,Rüya Hijab Tekstil Tasarım San. ve Tic. Ltd.Şti,https://www.linkedin.com/company/r%C3%BCya-hijab-tekstil-tasar%C4%B1m-san-ve-tic-ltd-%C5%9Fti?trk=companies_directory
145,Rýchlepoistenie s.r.o.,https://www.linkedin.com/company/novera-slovensko-s-r-o-?trk=companies_directory
146,RĀthe™,https://www.linkedin.com/company/rathe?trk=companies_directory
147,Rē Salon and Med Spa,https://www.linkedin.com/company/re-salon-and-med-spa?trk=companies_directory
148,RēCOVER,https://www.linkedin.com/company/recover.omnia?trk=companies_directory
149,"Rēd wireless, llc",https://www.linkedin.com/company/redwireless?trk=companies_directory
150,Rēzeknes Tehnoloģiju akadēmija (Rezekne Academy of Technologies),https://www.linkedin.com/company/r%C4%93zeknes-tehnolo%C4%A3iju-akad%C4%93mija-rezekne-academy-of-technologies?trk=companies_directory
151,RĪGAS BRĪVOSTAS FLOTE,https://www.linkedin.com/company/r%C4%ABgas-br%C4%ABvostas-flote?trk=companies_directory
152,Rīga Tulko Jums,https://www.linkedin.com/company/r%C4%ABga-tulko-jums?trk=companies_directory
153,RīgaTV24,https://www.linkedin.com/company/r%C4%ABgatv24?trk=companies_directory
154,Rīgas 1.valodu skola,https://www.linkedin.com/company/r1vs?trk=companies_directory
155,Rīgas 6. vidusskola,https://www.linkedin.com/company/r-gas-6-vidusskola?trk=companies_directory
156,Rīgas Austrumu klīniskā universitātes slimnīca,https://www.linkedin.com/company/r%C4%ABgas-austrumu-kl%C4%ABnisk%C4%81-universit%C4%81tes-slimn%C4%ABca?trk=companies_directory
157,Rīgas Farmaceitiskā Fabrika,https://www.linkedin.com/company/rigas-farmaceitiska-fabrika?trk=companies_directory
158,Rīgas Laiks,https://www.linkedin.com/company/r-gas-laiks?trk=companies_directory
159,Rīgas Lutera draudze,https://www.linkedin.com/company/r%C4%ABgas-lutera-draudze?trk=companies_directory
160,Rīgas Motormuzejs,https://www.linkedin.com/company/r%C4%ABgas-motormuzejs?trk=companies_directory
161,Rīgas Mākslas un mediju tehnikums,https://www.linkedin.com/company/rigas-makslas-un-mediju-tehnikums?trk=companies_directory
162,Rīgas Tehniskās universitātes Vides aizsardzības un siltuma sistēmu institūts,https://www.linkedin.com/company/rtuvassi?trk=companies_directory
163,Rīgas Tālmācības vidusskola,https://www.linkedin.com/company/r-gas-t-lm-c-bas-vidusskola?trk=companies_directory
164,Rīgas bāriņtiesa,https://www.linkedin.com/company/rigas-barintiesa?trk=companies_directory
165,RİCON MMC,https://www.linkedin.com/company/ricon-mmc?trk=companies_directory
166,RİSKOMER,https://www.linkedin.com/company/riskomer?trk=companies_directory
167,Rıhtım denizcilik iş ilanları,https://www.linkedin.com/showcase/r%C4%B1ht%C4%B1m-denizcilik-i%C5%9F-ilanlar%C4%B1?trk=companies_directory
168,RŌKA Cookie Company,https://www.linkedin.com/company/r%C5%8Dka-cookie-company?trk=companies_directory
169,RŌZ,https://www.linkedin.com/company/r%C5%8Dz?trk=companies_directory
170,RōBEX,https://www.linkedin.com/company/robex-us?trk=companies_directory
171,RōBUS Mortgage,https://www.linkedin.com/company/robus-mortgage?trk=companies_directory
172,"Rōnin Consulting, LLC",https://www.linkedin.com/company/r%C5%8Dnin-consulting-llc?trk=companies_directory
173,RŪH,https://www.linkedin.com/company/r%C5%ABh?trk=companies_directory
174,RŪKĖ,https://www.linkedin.com/company/r%C5%ABk%C4%97?trk=companies_directory
175,RεScan,https://www.linkedin.com/company/rescan?trk=companies_directory
176,Rồng Châu Á,https://www.linkedin.com/company/r%E1%BB%93ng-ch%C3%A2u-%C3%A1?trk=companies_directory
177,Rộng mở tâm hồn,https://www.linkedin.com/company/r-ng-m-t-m-h-n?trk=companies_directory
178,乳液真空瓶,https://www.linkedin.com/showcase/%E4%B9%B3%E6%B6%B2%E7%9C%9F%E7%A9%BA%E7%93%B6?trk=companies_directory
179,人事服务 (HR快线),https://www.linkedin.com/showcase/hr%E5%BF%AB%E7%BA%BF%E6%9C%8D%E5%8A%A1?trk=companies_directory
180,人事社APP,https://www.linkedin.com/showcase/%E4%BA%BA%E4%BA%8B%E7%A4%BEapp?trk=companies_directory
181,人人人力銀行,https://www.linkedin.com/company/%E4%BA%BA%E4%BA%BA%E4%BA%BA%E5%8A%9B%E9%8A%80%E8%A1%8C?trk=companies_directory
182,人力招聘（领英）,https://www.linkedin.com/showcase/%E4%BA%BA%E5%8A%9B%E6%8B%9B%E8%81%98%EF%BC%88%E9%A2%86%E8%8B%B1%EF%BC%89?trk=companies_directory
183,人力资本管理系统,https://www.linkedin.com/showcase/%E4%BA%BA%E5%8A%9B%E8%B5%84%E6%9C%AC%E7%AE%A1%E7%90%86%E7%B3%BB%E7%BB%9F?trk=companies_directory
184,人力资源服务外包,https://www.linkedin.com/showcase/%E6%A0%A1%E4%BC%81%E5%90%88%E4%BD%9C?trk=companies_directory
185,人工智能AI,https://www.linkedin.com/showcase/%E4%BA%BA%E5%B7%A5%E6%99%BA%E8%83%BDai?trk=companies_directory
186,人工智能人才招聘,https://www.linkedin.com/showcase/%E4%BA%BA%E5%B7%A5%E6%99%BA%E8%83%BD%E4%BA%BA%E6%89%8D%E6%8B%9B%E8%81%98?trk=companies_directory
187,人才,https://www.linkedin.com/showcase/%E4%BA%BA%E6%89%8D?trk=companies_directory
188,人才专区,https://www.linkedin.com/showcase/%E4%BA%BA%E6%89%8D%E4%B8%93%E5%8C%BA?trk=companies_directory
189,人才培训,https://www.linkedin.com/showcase/%E4%BA%BA%E6%89%8D%E5%9F%B9%E8%AE%AD?trk=companies_directory
190,人才招聘,https://www.linkedin.com/showcase/%E4%BA%BA%E6%89%8D%E6%8B%9B%E8%81%98?trk=companies_directory
191,人才派遣,https://www.linkedin.com/showcase/%E4%BA%BA%E6%89%8D%E6%B4%BE%E9%81%A3?trk=companies_directory
192,人才计划,https://www.linkedin.com/showcase/%E4%BA%BA%E6%89%8D%E8%AE%A1%E5%88%92?trk=companies_directory
193,人民日报社人民网,https://www.linkedin.com/company/cctvav?trk=companies_directory
194,人物,https://www.linkedin.com/company/%E4%BA%BA%E7%89%A9?trk=companies_directory
195,人生无限公司,https://www.linkedin.com/company/%E4%BA%BA%E7%94%9F%E6%97%A0%E9%99%90%E5%85%AC%E5%8F%B8?trk=companies_directory
196,仁孚汽车（中国）有限公司广州分公司,https://www.linkedin.com/company/%E4%BB%81%E5%AD%9A%E6%B1%BD%E8%BD%A6%EF%BC%88%E4%B8%AD%E5%9B%BD%EF%BC%89%E6%9C%89%E9%99%90%E5%85%AC%E5%8F%B8%E5%B9%BF%E5%B7%9E%E5%88%86%E5%85%AC%E5%8F%B8?trk=companies_directory
197,仁愛眼鏡行,https://www.linkedin.com/company/%E4%BB%81%E6%84%9B%E7%9C%BC%E9%8F%A1%E8%A1%8C?trk=companies_directory
198,仁源企成信息咨询,https://www.linkedin.com/company/%E4%BB%81%E6%BA%90%E4%BC%81%E6%88%90%E4%BF%A1%E6%81%AF%E5%92%A8%E8%AF%A2?trk=companies_directory
199,任拓,https://www.linkedin.com/company/%E4%BB%BB%E6%8B%93?trk=companies_directory
200,儒林教育集團,https://www.linkedin.com/company/macauscholar?trk=companies_directory
201,容易网,https://www.linkedin.com/showcase/%E5%AE%B9%E6%98%93%E7%BD%91?trk=companies_directory
202,日丰保全股份有限公司,https://www.linkedin.com/company/%E6%97%A5%E4%B8%B0%E4%BF%9D%E5%85%A8%E8%82%A1%E4%BB%BD%E6%9C%89%E9%99%90%E5%85%AC%E5%8F%B8?trk=companies_directory
203,日勝生加賀屋國際溫泉飯店股份有限公司,https://www.linkedin.com/company/%E6%97%A5%E5%8B%9D%E7%94%9F%E5%8A%A0%E8%B3%80%E5%B1%8B%E5%9C%8B%E9%9A%9B%E6%BA%AB%E6%B3%89%E9%A3%AF%E5%BA%97%E8%82%A1%E4%BB%BD%E6%9C%89%E9%99%90%E5%85%AC%E5%8F%B8?trk=companies_directory
204,日式威廉髮藝,https://www.linkedin.com/company/%E6%97%A5%E5%BC%8F%E5%A8%81%E5%BB%89%E9%AB%AE%E8%97%9D?trk=companies_directory
205,日播时尚集团,https://www.linkedin.com/company/%E6%97%A5%E6%92%AD%E6%97%B6%E5%B0%9A%E9%9B%86%E5%9B%A2?trk=companies_directory
206,日月光半導體製造股份有限公司,https://www.linkedin.com/company/%E6%97%A5%E6%9C%88%E5%85%89%E5%8D%8A%E5%B0%8E%E9%AB%94%E8%A3%BD%E9%80%A0%E8%82%A1%E4%BB%BD%E6%9C%89%E9%99%90%E5%85%AC%E5%8F%B8?trk=companies_directory
207,日本デイケアセンター,https://www.linkedin.com/company/%E6%97%A5%E6%9C%AC%E3%83%87%E3%82%A4%E3%82%B1%E3%82%A2%E3%82%BB%E3%83%B3%E3%82%BF%E3%83%BC?trk=companies_directory
208,日本ビジネスシステムズ,https://www.linkedin.com/company/jbs?trk=companies_directory
209,日本レストランシステム,https://www.linkedin.com/company/%E6%97%A5%E6%9C%AC%E3%83%AC%E3%82%B9%E3%83%88%E3%83%A9%E3%83%B3%E3%82%B7%E3%82%B9%E3%83%86%E3%83%A0?trk=companies_directory
210,日本専用介護コンサルテーション,https://www.linkedin.com/showcase/%E6%97%A5%E6%9C%AC%E5%B0%82%E7%94%A8%E4%BB%8B%E8%AD%B7%E3%82%B3%E3%83%B3%E3%82%B5%E3%83%AB%E3%83%86%E3%83%BC%E3%82%B7%E3%83%A7%E3%83%B3?trk=companies_directory
211,日本展会网,https://www.linkedin.com/showcase/%E6%97%A5%E6%9C%AC%E5%B1%95%E4%BC%9A%E7%BD%91?trk=companies_directory
212,日本楓紅,https://www.linkedin.com/showcase/%E6%97%A5%E6%9C%AC%E6%A5%93%E7%B4%85?trk=companies_directory
213,日本語でのサウジアラビア,https://www.linkedin.com/showcase/%E6%97%A5%E6%9C%AC%E8%AA%9E%E3%81%A7%E3%81%AE%E3%82%B5%E3%82%A6%E3%82%B8%E3%82%A2%E3%83%A9%E3%83%93%E3%82%A2?trk=companies_directory
214,日本語翻訳コンサルタント LLP,https://www.linkedin.com/company/-llp?trk=companies_directory
215,日玖人事管理顧問有限公司,https://www.linkedin.com/company/%E6%97%A5%E7%8E%96%E4%BA%BA%E4%BA%8B%E7%AE%A1%E7%90%86%E9%A1%A7%E5%95%8F%E6%9C%89%E9%99%90%E5%85%AC%E5%8F%B8?trk=companies_directory
216,日産自動車株式会社グローバルIS/IT中途採用,https://www.linkedin.com/company/%E6%97%A5%E7%94%A3%E8%87%AA%E5%8B%95%E8%BB%8A%E6%A0%AA%E5%BC%8F%E4%BC%9A%E7%A4%BEis-it%E4%B8%AD%E9%80%94%E6%8E%A1%E7%94%A8?trk=companies_directory
217,日盛保全股份有限公司,https://www.linkedin.com/company/%E6%97%A5%E7%9B%9B%E4%BF%9D%E5%85%A8%E8%82%A1%E4%BB%BD%E6%9C%89%E9%99%90%E5%85%AC%E5%8F%B8?trk=companies_directory
218,日盛金融控股股份有限公司,https://www.linkedin.com/company/%E6%97%A5%E7%9B%9B%E9%87%91%E8%9E%8D%E6%8E%A7%E8%82%A1%E8%82%A1%E4%BB%BD%E6%9C%89%E9%99%90%E5%85%AC%E5%8F%B8?trk=companies_directory
219,日盛餐飲設備有限公司,https://www.linkedin.com/company/%E6%97%A5%E7%9B%9B%E9%A4%90%E9%A3%B2%E8%A8%AD%E5%82%99%E6%9C%89%E9%99%90%E5%85%AC%E5%8F%B8?trk=companies_directory
220,日総ブレイン株式会社,https://www.linkedin.com/company/%E6%97%A5%E7%B7%8F%E3%83%96%E3%83%AC%E3%82%A4%E3%83%B3%E6%A0%AA%E5%BC%8F%E4%BC%9A%E7%A4%BE?trk=companies_directory
221,日陞企管顧問有限公司,https://www.linkedin.com/company/%E6%97%A5%E9%99%9E%E4%BC%81%E7%AE%A1%E9%A1%A7%E5%95%8F%E6%9C%89%E9%99%90%E5%85%AC%E5%8F%B8?trk=companies_directory
222,栄食メディックス 株式会社 SEIYO Food,https://www.linkedin.com/company/%E6%A0%84%E9%A3%9F%E3%83%A1%E3%83%87%E3%82%A3%E3%83%83%E3%82%AF%E3%82%B9%E6%A0%AA%E5%BC%8F%E4%BC%9A%E7%A4%BE?trk=companies_directory
223,榮成紙業股份有限公司,https://www.linkedin.com/company/%E6%A6%AE%E6%88%90%E7%B4%99%E6%A5%AD%E8%82%A1%E4%BB%BD%E6%9C%89%E9%99%90%E5%85%AC%E5%8F%B8?trk=companies_directory
224,润昂丝网制造有限公司,https://www.linkedin.com/company/%E6%B6%A6%E6%98%82%E4%B8%9D%E7%BD%91%E5%88%B6%E9%80%A0%E6%9C%89%E9%99%90%E5%85%AC%E5%8F%B8?trk=companies_directory
225,潤泰全球股份有限公司,https://www.linkedin.com/company/%E6%BD%A4%E6%B3%B0%E5%85%A8%E7%90%83%E8%82%A1%E4%BB%BD%E6%9C%89%E9%99%90%E5%85%AC%E5%8F%B8?trk=companies_directory
226,热发泡喷墨打印TIJ,https://www.linkedin.com/showcase/%E7%83%AD%E5%8F%91%E6%B3%A1%E5%96%B7%E5%A2%A8%E6%89%93%E5%8D%B0tij?trk=companies_directory
227,热熔胶棒,https://www.linkedin.com/showcase/%E7%83%AD%E7%86%94%E8%83%B6%E6%A3%92?trk=companies_directory
228,热转印打码 TTO,https://www.linkedin.com/showcase/%E7%83%AD%E8%BD%AC%E5%8D%B0%E6%89%93%E7%A0%81-tto?trk=companies_directory
229,热转印打码TTO,https://www.linkedin.com/showcase/%E7%83%AD%E8%BD%AC%E5%8D%B0%E6%89%93%E7%A0%81tto?trk=companies_directory
230,热销产品,https://www.linkedin.com/showcase/%E7%83%AD%E9%94%80%E4%BA%A7%E5%93%81?trk=companies_directory
231,瑞亚木业 RAYAWOOD INDUSTRY,https://www.linkedin.com/company/%E7%91%9E%E4%BA%9A%E6%9C%A8%E4%B8%9A-rayawood-company?trk=companies_directory
232,瑞伯奇防水手機殼,https://www.linkedin.com/showcase/%E7%91%9E%E4%BC%AF%E5%A5%87%E9%98%B2%E6%B0%B4%E6%89%8B%E6%A9%9F%E6%AE%BC?trk=companies_directory
233,瑞儀光電股份有限公司,https://www.linkedin.com/company/%E7%91%9E%E5%84%80%E5%85%89%E9%9B%BB%E8%82%A1%E4%BB%BD%E6%9C%89%E9%99%90%E5%85%AC%E5%8F%B8?trk=companies_directory
234,瑞典公司在全球知识和经验转移领域的领先地位,https://www.linkedin.com/showcase/%E7%91%9E%E5%85%B8%E5%85%AC%E5%8F%B8%E5%9C%A8%E5%85%A8%E7%90%83%E7%9F%A5%E8%AF%86%E5%92%8C%E7%BB%8F%E9%AA%8C%E8%BD%AC%E7%A7%BB%E9%A2%86%E5%9F%9F%E7%9A%84%E9%A2%86%E5%85%88%E5%9C%B0%E4%BD%8D?trk=companies_directory
235,瑞典木业协会,https://www.linkedin.com/company/%E7%91%9E%E5%85%B8%E6%9C%A8%E4%B8%9A%E5%8D%8F%E4%BC%9A-swedish-wood?trk=companies_directory
236,瑞士普罗迪笔,https://www.linkedin.com/company/%E7%91%9E%E5%A3%AB%E6%99%AE%E7%BD%97%E8%BF%AA%E7%AC%94?trk=companies_directory
237,瑞安中医骨伤科诊所,https://www.linkedin.com/company/%E7%91%9E%E5%AE%89%E4%B8%AD%E5%8C%BB%E9%AA%A8%E4%BC%A4%E7%A7%91%E8%AF%8A%E6%89%80?trk=companies_directory
238,瑞安云江中医医院,https://www.linkedin.com/company/%E7%91%9E%E5%AE%89%E4%BA%91%E6%B1%9F%E4%B8%AD%E5%8C%BB%E5%8C%BB%E9%99%A2?trk=companies_directory
239,瑞尔讯,https://www.linkedin.com/showcase/%E7%94%B5%E5%88%80?trk=companies_directory
240,瑞数信息,https://www.linkedin.com/company/%E7%91%9E%E6%95%B0%E4%BF%A1%E6%81%AF?trk=companies_directory
241,瑞森視覺工作坊,https://www.linkedin.com/showcase/%E7%91%9E%E6%A3%AE%E8%A6%96%E8%A6%BA%E5%B7%A5%E4%BD%9C%E5%9D%8A?trk=companies_directory
242,瑞瑞瑞,https://www.linkedin.com/showcase/%E7%91%9E%E7%91%9E%E7%91%9E?trk=companies_directory
243,瑞隆汇,https://www.linkedin.com/company/%E7%91%9E%E9%9A%86%E6%B1%87?trk=companies_directory
244,瑞颖常青医疗科技（北京）有限公司,https://www.linkedin.com/company/%E7%91%9E%E9%A2%96%E5%B8%B8%E9%9D%92%E5%8C%BB%E7%96%97%E7%A7%91%E6%8A%80%EF%BC%88%E5%8C%97%E4%BA%AC%EF%BC%89%E6%9C%89%E9%99%90%E5%85%AC%E5%8F%B8?trk=companies_directory
245,瑞麦地产－中国.深圳,https://www.linkedin.com/company/%E7%91%9E%E9%BA%A6%E5%9C%B0%E4%BA%A7%EF%BC%8D%E4%B8%AD%E5%9B%BD-%E6%B7%B1%E5%9C%B3?trk=companies_directory
246,睿思多元智能优势测评,https://www.linkedin.com/showcase/%E7%9D%BF%E6%80%9D%E5%A4%9A%E5%85%83%E6%99%BA%E8%83%BD%E4%BC%98%E5%8A%BF%E6%B5%8B%E8%AF%84?trk=companies_directory
247,睿熙企业管理咨询（上海）有限公司,https://www.linkedin.com/company/%E7%9D%BF%E7%86%99%E4%BC%81%E4%B8%9A%E7%AE%A1%E7%90%86%E5%92%A8%E8%AF%A2%EF%BC%88%E4%B8%8A%E6%B5%B7%EF%BC%89%E6%9C%89%E9%99%90%E5%85%AC%E5%8F%B8?trk=companies_directory
248,芮岚诗建筑设计咨询（上海）有限公司,https://www.linkedin.com/company/%E8%8A%AE%E5%B2%9A%E8%AF%97%E5%BB%BA%E7%AD%91%E8%AE%BE%E8%AE%A1%E5%92%A8%E8%AF%A2%EF%BC%88%E4%B8%8A%E6%B5%B7%EF%BC%89%E6%9C%89%E9%99%90%E5%85%AC%E5%8F%B8?trk=companies_directory
249,芮熠芮熙,https://www.linkedin.com/showcase/%E8%8A%AE%E7%86%A0%E8%8A%AE%E7%86%99?trk=companies_directory
250,芮熠芮熙VITVITY,https://www.linkedin.com/showcase/%E8%8A%AE%E7%86%A0%E8%8A%AE%E7%86%99vitvity?trk=companies_directory
251,若果創意if creative,https://www.linkedin.com/company/%E8%8B%A5%E6%9E%9C%E5%89%B5%E6%84%8Fif-creative?trk=companies_directory
252,荣凯国际物流有限公司,https://www.linkedin.com/company/%E8%8D%A3%E5%87%AF%E5%9B%BD%E9%99%85%E7%89%A9%E6%B5%81%E6%9C%89%E9%99%90%E5%85%AC%E5%8F%B8?trk=companies_directory
253,融合 CDN,https://www.linkedin.com/showcase/%E8%9E%8D%E5%90%88-cdn?trk=companies_directory
254,融合CDN,https://www.linkedin.com/showcase/%E8%9E%8D%E5%90%88cdn?trk=companies_directory
255,认识合富,https://www.linkedin.com/showcase/%E8%AE%A4%E8%AF%86%E5%90%88%E5%AF%8C?trk=companies_directory
256,软件定义数据中心产品,https://www.linkedin.com/showcase/%E4%BC%81%E4%B8%9A%E4%BA%A7%E5%93%81?trk=companies_directory
257,软件技术,https://www.linkedin.com/showcase/%E8%BD%AF%E4%BB%B6%E6%8A%80%E6%9C%AF?trk=companies_directory
258,软件生命周期管理解决方案,https://www.linkedin.com/showcase/%E8%BD%AF%E4%BB%B6%E7%94%9F%E5%91%BD%E5%91%A8%E6%9C%9F%E7%AE%A1%E7%90%86%E8%A7%A3%E5%86%B3%E6%96%B9%E6%A1%88?trk=companies_directory
259,锐仕方达（北京）人力资源顾问有限公司西安分公司,https://www.linkedin.com/company/%E9%94%90%E4%BB%95%E6%96%B9%E8%BE%BE%EF%BC%88%E5%8C%97%E4%BA%AC%EF%BC%89%E4%BA%BA%E5%8A%9B%E8%B5%84%E6%BA%90%E9%A1%BE%E9%97%AE%E6%9C%89%E9%99%90%E5%85%AC%E5%8F%B8%E8%A5%BF%E5%AE%89%E5%88%86%E5%85%AC%E5%8F%B8?trk=companies_directory
260,锐仕方达（深圳）人力资源顾问有限公司,https://www.linkedin.com/company/%E9%94%90%E4%BB%95%E6%96%B9%E8%BE%BE%EF%BC%88%E6%B7%B1%E5%9C%B3%EF%BC%89%E4%BA%BA%E5%8A%9B%E8%B5%84%E6%BA%90%E9%A1%BE%E9%97%AE%E6%9C%89%E9%99%90%E5%85%AC%E5%8F%B8?trk=companies_directory
261,锐变品牌顾问,https://www.linkedin.com/company/%E9%94%90%E5%8F%98%E5%93%81%E7%89%8C%E9%A1%BE%E9%97%AE?trk=companies_directory
